{
  "sections": {
    "1655680859cb616207": {
      "type": "slideshow",
      "disabled": true,
      "blocks": {
        "16556808591e5a7071-0": {
          "type": "slide",
          "settings": {
            "image": "shopify:\/\/shop_images\/Component_1.png",
            "heading": "Dark medieval linocut & woodcut. Freely inspired by XVth century block printing",
            "heading_size": "h1",
            "subheading": "",
            "button_label": "",
            "link": "",
            "button_style_secondary": false,
            "box_align": "middle-center",
            "show_text_box": false,
            "text_alignment": "center",
            "image_overlay_opacity": 0,
            "color_scheme": "background-1",
            "text_alignment_mobile": "center"
          }
        },
        "16556808591e5a7071-1": {
          "type": "slide",
          "settings": {
            "image": "shopify:\/\/shop_images\/Capture_d_ecran_2022-06-14_a_11.09_1.png",
            "heading": "Dark medieval linocut & woodcut. Freely inspired by XVth century block printing",
            "heading_size": "h1",
            "subheading": "",
            "button_label": "",
            "link": "",
            "button_style_secondary": false,
            "box_align": "middle-center",
            "show_text_box": false,
            "text_alignment": "center",
            "image_overlay_opacity": 0,
            "color_scheme": "background-1",
            "text_alignment_mobile": "center"
          }
        },
        "7fbfbc1e-43c6-437b-9510-94659e575628": {
          "type": "slide",
          "settings": {
            "image": "shopify:\/\/shop_images\/Component_1.png",
            "heading": "Dark medieval linocut & woodcut. Freely inspired by XVth century block printing",
            "heading_size": "h1",
            "subheading": "",
            "button_label": "",
            "link": "",
            "button_style_secondary": false,
            "box_align": "middle-center",
            "show_text_box": false,
            "text_alignment": "center",
            "image_overlay_opacity": 0,
            "color_scheme": "background-1",
            "text_alignment_mobile": "center"
          }
        }
      },
      "block_order": [
        "16556808591e5a7071-0",
        "16556808591e5a7071-1",
        "7fbfbc1e-43c6-437b-9510-94659e575628"
      ],
      "settings": {
        "layout": "full_bleed",
        "slide_height": "adapt_image",
        "slider_visual": "dots",
        "auto_rotate": true,
        "change_slides_speed": 3,
        "show_text_below": true,
        "accessibility_info": "Slideshow about our brand"
      }
    },
    "image_banner": {
      "type": "image-banner",
      "disabled": true,
      "blocks": {
        "heading": {
          "type": "heading",
          "settings": {
            "heading": "Dark medieval linocut & woodcut. Freely inspired by XVth century block printing",
            "heading_size": "h0"
          }
        },
        "7d04ffef-4900-491c-8290-d0920808ee25": {
          "type": "text",
          "settings": {
            "text": "Give customers details about the banner image(s) or content on the template.",
            "text_style": "body"
          }
        }
      },
      "block_order": [
        "heading",
        "7d04ffef-4900-491c-8290-d0920808ee25"
      ],
      "settings": {
        "image": "shopify:\/\/shop_images\/image_5.png",
        "image_overlay_opacity": 40,
        "image_height": "large",
        "adapt_height_first_image": true,
        "desktop_content_position": "middle-center",
        "show_text_box": false,
        "desktop_content_alignment": "center",
        "color_scheme": "background-1",
        "mobile_content_alignment": "center",
        "stack_images_on_mobile": false,
        "show_text_below": false
      }
    },
    "165573144872739819": {
      "type": "video",
      "settings": {
        "heading": "",
        "heading_size": "h0",
        "cover_image": "shopify:\/\/shop_images\/image_5.png",
        "video_url": "https:\/\/www.youtube.com\/watch?v=_9VUPq3SxOc",
        "description": "demo video",
        "full_width": true,
        "color_scheme": "background-1",
        "padding_top": 0,
        "padding_bottom": 0
      }
    },
    "image-with-text": {
      "type": "image-with-text",
      "disabled": true,
      "blocks": {
        "text": {
          "type": "text",
          "settings": {
            "text": "<p>Welcome on my online store ! You can wander around my latest artworks, freely inspired by XVth and XVIth woodcuts ! Beware the skelettons, demons and other pop culture references such as Tolkien characters, or Warhammer 40K references!<\/p><p><\/p><p><\/p>",
            "text_style": "body"
          }
        },
        "button": {
          "type": "button",
          "settings": {
            "button_label": "Discover",
            "button_link": "shopify:\/\/pages\/about"
          }
        }
      },
      "block_order": [
        "text",
        "button"
      ],
      "settings": {
        "image": "shopify:\/\/shop_images\/Capture_d_ecran_2022-06-14_a_11.21_1.png",
        "height": "large",
        "desktop_image_width": "large",
        "layout": "image_first",
        "desktop_content_position": "middle",
        "desktop_content_alignment": "left",
        "content_layout": "overlap",
        "color_scheme": "background-2",
        "mobile_content_alignment": "left",
        "padding_top": 40,
        "padding_bottom": 20
      }
    },
    "text-with-image": {
      "type": "image-with-text",
      "disabled": true,
      "blocks": {
        "heading": {
          "type": "heading",
          "settings": {
            "heading": "Impression linogravure",
            "heading_size": "h1"
          }
        },
        "text": {
          "type": "text",
          "settings": {
            "text": "<p>explications linocut<\/p>",
            "text_style": "body"
          }
        },
        "button": {
          "type": "button",
          "settings": {
            "button_label": "Shop",
            "button_link": "shopify:\/\/collections"
          }
        }
      },
      "block_order": [
        "heading",
        "text",
        "button"
      ],
      "settings": {
        "image": "shopify:\/\/shop_images\/Capture_d_ecran_2022-06-14_a_11.09_1.png",
        "height": "large",
        "desktop_image_width": "large",
        "layout": "text_first",
        "desktop_content_position": "middle",
        "desktop_content_alignment": "left",
        "content_layout": "overlap",
        "color_scheme": "background-2",
        "mobile_content_alignment": "left",
        "padding_top": 20,
        "padding_bottom": 20
      }
    },
    "image-with-text2": {
      "type": "image-with-text",
      "disabled": true,
      "blocks": {
        "heading": {
          "type": "heading",
          "settings": {
            "heading": "Gravure sur bois",
            "heading_size": "h1"
          }
        },
        "text": {
          "type": "text",
          "settings": {
            "text": "<p>explications woodcut<\/p>",
            "text_style": "body"
          }
        },
        "button": {
          "type": "button",
          "settings": {
            "button_label": "Shop",
            "button_link": "shopify:\/\/collections"
          }
        }
      },
      "block_order": [
        "heading",
        "text",
        "button"
      ],
      "settings": {
        "image": "shopify:\/\/shop_images\/Capture_d_ecran_2022-06-14_a_11.19_1.png",
        "height": "large",
        "desktop_image_width": "large",
        "layout": "image_first",
        "desktop_content_position": "middle",
        "desktop_content_alignment": "left",
        "content_layout": "overlap",
        "color_scheme": "background-2",
        "mobile_content_alignment": "left",
        "padding_top": 20,
        "padding_bottom": 20
      }
    },
    "text-with-image2": {
      "type": "image-with-text",
      "disabled": true,
      "blocks": {
        "heading": {
          "type": "heading",
          "settings": {
            "heading": "Personnalisation",
            "heading_size": "h1"
          }
        },
        "text": {
          "type": "text",
          "settings": {
            "text": "<p>Possibilité de personnalisation<\/p>",
            "text_style": "body"
          }
        },
        "button": {
          "type": "button",
          "settings": {
            "button_label": "Contact",
            "button_link": "shopify:\/\/pages\/demande-personnalisee"
          }
        }
      },
      "block_order": [
        "heading",
        "text",
        "button"
      ],
      "settings": {
        "image": "shopify:\/\/shop_images\/image_6.png",
        "height": "large",
        "desktop_image_width": "large",
        "layout": "text_first",
        "desktop_content_position": "middle",
        "desktop_content_alignment": "left",
        "content_layout": "overlap",
        "color_scheme": "background-2",
        "mobile_content_alignment": "left",
        "padding_top": 20,
        "padding_bottom": 20
      }
    },
    "multicolumn": {
      "type": "multicolumn",
      "disabled": true,
      "blocks": {
        "column1": {
          "type": "column",
          "settings": {
            "title": "“Mon frère a adoré. Merci mille fois”",
            "text": "<p>- hannahsanhueza1<\/p>",
            "link_label": "",
            "link": ""
          }
        },
        "column2": {
          "type": "column",
          "settings": {
            "title": "“Impression de très bonne qualité, le papier est texturé, la composition est vraiment sympas. Acheté pour un anniversaire ce cadeau a fait son effet je recommande !”",
            "text": "<p>- margot<\/p>",
            "link_label": "",
            "link": ""
          }
        },
        "column3": {
          "type": "column",
          "settings": {
            "title": "“Lithographie magnifique, et tout à fait conforme aux attentes, envoi rapide et très soigné. Merci !”",
            "text": "<p>- aurora<\/p>",
            "link_label": "",
            "link": ""
          }
        }
      },
      "block_order": [
        "column1",
        "column2",
        "column3"
      ],
      "settings": {
        "title": "",
        "heading_size": "h1",
        "image_width": "third",
        "image_ratio": "adapt",
        "columns_desktop": 3,
        "column_alignment": "center",
        "background_style": "none",
        "button_label": "",
        "button_link": "",
        "color_scheme": "background-1",
        "columns_mobile": "1",
        "swipe_on_mobile": false,
        "padding_top": 36,
        "padding_bottom": 36
      }
    },
    "165573280122717c9d": {
      "type": "featured-collection",
      "settings": {
        "title": "Catalogue",
        "heading_size": "h1",
        "description": "",
        "show_description": false,
        "description_style": "body",
        "collection": "lithogravure",
        "products_to_show": 4,
        "columns_desktop": 4,
        "full_width": false,
        "show_view_all": true,
        "view_all_style": "solid",
        "enable_desktop_slider": false,
        "color_scheme": "background-1",
        "image_ratio": "adapt",
        "show_secondary_image": false,
        "show_vendor": false,
        "show_rating": false,
        "enable_quick_add": false,
        "columns_mobile": "2",
        "swipe_on_mobile": false,
        "padding_top": 36,
        "padding_bottom": 36
      }
    },
    "1655733297f2457920": {
      "type": "image-banner",
      "settings": {
        "image": "shopify:\/\/shop_images\/Asset_12x_2.png",
        "image_overlay_opacity": 0,
        "image_height": "small",
        "adapt_height_first_image": true,
        "desktop_content_position": "middle-center",
        "show_text_box": true,
        "desktop_content_alignment": "center",
        "color_scheme": "accent-1",
        "mobile_content_alignment": "center",
        "stack_images_on_mobile": true,
        "show_text_below": true
      }
    }
  },
  "order": [
    "1655680859cb616207",
    "image_banner",
    "165573144872739819",
    "image-with-text",
    "text-with-image",
    "image-with-text2",
    "text-with-image2",
    "multicolumn",
    "165573280122717c9d",
    "1655733297f2457920"
  ]
}
