{
  "sections": {
    "main": {
      "type": "main-page",
      "settings": {
        "padding_top": 28,
        "padding_bottom": 28
      }
    },
    "16556765230a72e26d": {
      "type": "rich-text",
      "blocks": {
        "16556765238239afae-0": {
          "type": "heading",
          "settings": {
            "heading": "A propos de moi",
            "heading_size": "h1"
          }
        }
      },
      "block_order": [
        "16556765238239afae-0"
      ],
      "settings": {
        "color_scheme": "background-1",
        "full_width": true,
        "padding_top": 40,
        "padding_bottom": 52
      }
    },
    "16556766240a02baf4": {
      "type": "image-with-text",
      "blocks": {
        "1655676624186770a4-0": {
          "type": "heading",
          "settings": {
            "heading": "Mon parcours",
            "heading_size": "h1"
          }
        },
        "1655676624186770a4-1": {
          "type": "text",
          "settings": {
            "text": "<p>blabla de présentation, comment la marque est née, son histoire etc <\/p>",
            "text_style": "body"
          }
        }
      },
      "block_order": [
        "1655676624186770a4-0",
        "1655676624186770a4-1"
      ],
      "settings": {
        "image": "shopify:\/\/shop_images\/Capture_d_ecran_2022-06-15_a_12.11_1.png",
        "height": "adapt",
        "desktop_image_width": "medium",
        "layout": "image_first",
        "desktop_content_position": "middle",
        "desktop_content_alignment": "left",
        "content_layout": "overlap",
        "color_scheme": "background-2",
        "mobile_content_alignment": "left",
        "padding_top": 36,
        "padding_bottom": 36
      }
    },
    "1655676862a9063e62": {
      "type": "rich-text",
      "blocks": {
        "1655676862b8833cef-0": {
          "type": "heading",
          "settings": {
            "heading": "Processus de création",
            "heading_size": "h1"
          }
        }
      },
      "block_order": [
        "1655676862b8833cef-0"
      ],
      "settings": {
        "color_scheme": "background-1",
        "full_width": true,
        "padding_top": 40,
        "padding_bottom": 52
      }
    },
    "1655676905055b42aa": {
      "type": "video",
      "settings": {
        "heading": "",
        "heading_size": "h1",
        "video_url": "https:\/\/www.youtube.com\/watch?v=M0hoiNZxj4o",
        "description": "",
        "full_width": false,
        "color_scheme": "background-1",
        "padding_top": 36,
        "padding_bottom": 36
      }
    },
    "16556773986b3567e7": {
      "type": "newsletter",
      "blocks": {
        "16556773988fafe767-0": {
          "type": "heading",
          "settings": {
            "heading": "Restez informés des nouveautés !",
            "heading_size": "h1"
          }
        },
        "16556773988fafe767-1": {
          "type": "paragraph",
          "settings": {
            "text": "<p>Inscrivez-vous à la newsletter<\/p>"
          }
        },
        "16556773988fafe767-2": {
          "type": "email_form",
          "settings": {
          }
        }
      },
      "block_order": [
        "16556773988fafe767-0",
        "16556773988fafe767-1",
        "16556773988fafe767-2"
      ],
      "settings": {
        "color_scheme": "background-1",
        "full_width": true,
        "padding_top": 40,
        "padding_bottom": 52
      }
    }
  },
  "order": [
    "main",
    "16556765230a72e26d",
    "16556766240a02baf4",
    "1655676862a9063e62",
    "1655676905055b42aa",
    "16556773986b3567e7"
  ]
}
